,teks
0,call bird habit
1,brother like bird month father gave black bird
2,antoni bird lost
3,greedi characterist hate
4,bird two wing two leg
5,sustain becom key focu consum electron nokia set apart priorit ecofriendli practic manufactur process align grow demand ethic sourc recycl mobil devic
6,advent augment realiti applic smartphon like iphon transform versatil tool blur line digit physic realm offer user immers experi previous unimagin
7,smartphon manufactur strive market domin iphon distinguish seamless ecosystem integr hardwar softwar servic creat cohes user experi unparallel competitor
8,era privaci concern loom larg iphon stand robust secur featur provid user peac mind amidst grow threat person data smartphon
9,nokia synonym mobil innov undergo resurg telecommun industri leverag heritag reintroduc icon design infus modern technolog advanc
10,cellular biolog research uncov intric mechan govern cell signal pathway shed light fundament process crucial understand human health diseas
11,neurobiolog elucid neural circuitri underli learn memori requir precis manipul neural cell prompt develop innov techniqu cell manipul record
12,environment scientist examin ecolog footprint beverag product assess sustain water usag packag materi mitig environment impact manufactur popular drink soda bottl water
13,certain profess bartend hospit master art mixolog essenti requir nuanc understand differ ingredi interact creat harmoni flavor drink experi
14,social gather individu often find compel drink excess unawar potenti consequ impair judgment dehydr
